ID,Area,Bedrooms,Bathrooms,Garage,YearBuilt,LocationScore,Price
1,1682,5,2,1,2017,9.880271165,257079.6453
2,1596,1,2,0,1983,6.574134241,331094.3081
3,4442,5,3,1,2014,6.857797557,306033.7505
4,4225,1,2,0,2016,2.790025326,374282.8917
5,2096,4,2,1,1976,3.162810793,359812.9724
6,1044,4,2,1,1998,6.934152728,269698.2813
7,3695,3,1,1,1985,9.187541541,269998.0962
8,1729,1,2,2,1963,9.841514991,156311.336
9,1319,2,3,2,2014,2.78227852,305295.4288
10,4012,3,3,1,2004,2.207076604,334871.6513
11,3209,4,2,0,1971,1.50761222,290595.7589
12,807,1,2,0,1960,8.814673163,230282.934
13,3325,5,2,1,1980,3.652433622,388659.4177
14,4223,2,3,2,1978,1.016308305,129864.6579
15,2819,4,3,0,1980,3.014362775,465776.1479
16,4467,3,1,2,2011,4.063969721,108257.3758
17,4471,1,1,0,1977,9.918875525,484940.0534
18,3601,2,1,1,2002,5.711874345,284942.2404
19,885,1,3,2,2011,2.842425528,265067.9776
20,3915,5,1,0,1962,4.013365102,202577.607
21,3268,3,2,1,2020,3.972769188,104028.4539
22,4419,1,2,1,2008,1.177531718,209916.1058
23,2436,4,3,1,2003,2.216647488,143759.9702
24,4383,3,1,2,1991,7.256768137,363928.3371
25,4809,4,2,2,1969,2.082258879,227629.9889
26,4126,1,3,1,1999,3.076608489,406871.7314
27,3018,3,1,2,1974,4.156635686,182766.4749
28,3017,4,2,0,1964,7.819614501,460093.943
29,3169,5,1,1,1963,6.241608684,309192.606
30,4438,5,3,1,2017,7.200999865,145802.4786
31,3303,1,1,2,1987,6.103110929,260338.0943
32,1743,3,3,1,2012,7.152331827,182704.2096
33,3637,2,1,0,2011,1.025579383,179874.1705
34,3460,3,2,2,2010,9.378083299,302547.8951
35,3736,5,3,2,2012,1.998282078,368756.8063
36,4747,4,3,1,1963,4.656241864,464647.2822
37,2476,2,3,1,1974,7.939345332,300864.8043
38,1996,1,1,1,1976,4.917076462,486335.51
39,4905,2,1,2,2003,9.521582965,476653.9408
40,3587,1,2,1,1962,5.208300536,446025.012
41,2261,2,3,0,1969,8.87445465,299990.906
42,4118,1,3,1,2006,8.29745302,156361.5775
43,1466,1,1,1,2001,9.828876725,187161.7879
44,2976,2,1,2,2015,9.338930027,359068.0011
45,4543,2,2,1,1982,9.083114512,268701.9921
46,1400,1,2,2,1977,7.584439065,158720.6527
47,3452,5,1,1,1960,4.302983325,291597.5735
48,4624,2,3,0,1994,1.955128767,106972.2182
49,4706,3,2,0,2012,7.19780547,393558.1484
50,1779,4,1,2,2017,9.807886732,129432.5178
51,3251,1,1,2,1990,7.539439936,351645.448
52,1428,1,3,1,2018,9.358564323,417204.1231
53,2429,4,1,1,2003,8.238742417,153057.5498
54,4496,5,1,0,1960,2.468032076,307455.4763
55,4230,4,2,1,1962,3.242833935,411627.0057
56,4474,2,1,0,1962,4.076790416,204253.3819
57,4729,4,1,2,1996,2.514343999,165166.6372
58,3565,1,2,1,1978,6.234861994,234727.6444
59,915,4,3,2,1988,9.779054717,321879.6706
60,2803,3,3,1,1984,7.853129501,330111.8379
61,1492,2,2,0,1992,4.810480742,152350.5334
62,3962,4,2,2,1995,1.040540329,283027.5391
63,1905,1,3,2,2020,3.8194841,207312.8782
64,3808,2,3,1,1988,5.740833589,436809.6872
65,2961,1,3,2,2017,3.918257865,225430.0528
66,953,5,3,0,1985,1.999314307,435481.8098
67,4499,3,3,2,1963,4.984884612,271425.845
68,4586,5,2,2,2008,3.279275353,390634.3063
69,1864,3,1,1,1973,9.183091388,304024.0914
70,2713,4,3,2,2009,1.915790757,348785.0497
71,2016,2,3,1,1986,1.442373659,258142.6043
72,3201,4,1,1,1992,1.047827522,407282.7071
73,2572,3,1,2,1981,3.95262716,270075.7534
74,2760,3,1,0,2007,6.943481544,282984.6586
75,3580,3,1,1,1962,7.573723776,307071.4673
76,3671,1,1,2,1982,5.07935515,432729.6474
77,1460,2,1,1,1980,7.158957854,363751.5714
78,3435,4,2,0,2000,4.239226326,239664.1546
79,3129,4,1,0,1982,7.01025598,368127.8536
80,4754,5,1,1,1963,1.365363868,356970.6292
81,3250,3,2,0,1980,4.516776861,472407.7104
82,1932,3,1,2,1996,8.117647099,436566.5744
83,1499,3,3,2,2002,8.227054274,358978.7695
84,2838,4,3,1,1990,7.44533901,236602.8443
85,2979,5,1,0,1980,2.838147585,411830.5795
86,3638,1,2,2,1985,3.22484607,330083.3172
87,1673,2,3,2,2000,9.964798545,494107.9952
88,883,1,2,2,2017,1.930402065,199002.4514
89,2222,4,3,1,1994,2.62596429,131862.3364
90,3475,3,1,1,1997,2.170236301,127956.7248
91,3980,2,2,2,1983,3.948894673,356012.1553
92,4775,4,2,2,1970,2.891582517,475704.0916
93,2191,4,2,0,2000,5.479191636,100772.7657
94,4018,4,3,0,1988,5.284186362,390308.4188
95,1414,2,3,0,2006,9.113550575,362826.073
96,3771,2,3,1,2014,1.312659527,392921.6769
97,4365,5,1,2,2019,3.87891619,242162.1627
98,4376,5,3,1,1962,6.369921028,428198.5779
99,1070,1,1,2,1960,6.443215857,117882.7726
100,4866,2,2,0,2011,5.321136061,402172.4402
101,3268,2,2,0,2020,8.340989867,206828.7765
102,2190,2,1,0,2013,1.564499543,290735.1099
103,4154,5,3,0,1978,8.33938989,429054.5086
104,4935,4,1,2,2005,5.452788164,208543.6141
105,4407,3,2,0,2008,2.203846256,174083.0047
106,3383,5,2,2,1981,8.971317222,372525.2741
107,4873,2,1,2,1973,6.843059016,313357.9566
108,3875,5,3,1,2008,2.471911181,305761.5475
109,4706,1,3,0,2016,1.302847511,202707.8062
110,1089,2,1,0,2018,2.269986835,113952.1223
111,3280,1,1,1,1973,6.479181642,264107.6553
112,4052,2,3,2,2003,2.613666117,142623.7922
113,1078,5,2,0,1975,3.031867674,462395.6603
114,3724,4,1,2,1992,1.226257532,116500.1294
115,1380,3,3,1,1972,7.50637605,272660.3417
116,1053,1,3,2,1997,8.293279598,120898.2335
117,1624,5,2,0,2008,8.171633591,138217.5498
118,4632,4,2,2,1971,2.148113362,363546.6668
119,1499,5,2,2,2014,9.129710146,358844.5044
120,2180,1,2,0,2010,7.050509465,113220.878
121,4696,3,2,0,1997,9.077757601,100452.59
122,2473,5,1,2,1998,5.024444541,131527.2309
123,3527,2,3,2,1992,4.93259375,405199.5591
124,3956,4,1,1,1992,8.060828668,333830.5891
125,4188,5,1,0,1988,1.839680699,115247.2981
126,1183,4,1,2,1964,5.68786633,295238.8063
127,1141,2,1,0,1965,8.527458121,384811.7428
128,2787,3,1,1,1990,8.471733068,447580.5578
129,4859,3,2,2,1975,9.605195707,473614.5963
130,3909,2,2,2,1990,7.284453342,230976.2252
131,4882,4,3,2,1984,2.869935665,154332.9714
132,3598,5,1,0,2007,1.182522834,194770.3683
133,4040,2,3,1,2005,5.314742188,410468.5968
134,2788,1,2,0,1992,5.623334791,488593.686
135,4214,4,2,2,1972,3.16236326,286557.4469
136,2649,3,2,1,2011,2.122277024,222141.2854
137,1105,2,1,2,1969,6.275873496,271676.2328
138,4413,3,1,2,1983,7.878301066,221925.2579
139,3549,4,2,0,1969,9.938386932,202595.0093
140,1935,3,3,2,2000,7.824723555,337500.301
141,1005,2,3,1,1990,8.142691728,106294.3921
142,4250,4,2,2,1972,6.548147904,203820.8995
143,4611,1,3,2,1962,9.873303931,364552.8311
144,4422,2,2,0,2018,6.759607466,112825.0785
145,4399,5,3,1,2009,8.742279578,133280.7266
146,3351,2,2,0,2011,9.512061816,217358.4579
147,1109,4,3,2,1993,9.368726505,451121.9194
148,3508,2,1,0,2008,4.432738094,405954.4641
149,2791,1,2,0,1987,1.707958525,108862.6518
150,1071,1,2,0,1978,2.546863323,300685.1267
151,4442,5,3,0,1982,1.533009749,209874.9976
152,4886,3,2,2,2004,1.948572413,359458.2636
153,2622,4,2,2,1991,2.661861213,388621.553
154,4073,4,2,1,1972,4.069848849,445145.0309
155,1320,3,1,0,1992,5.891856819,290166.4948
156,1776,1,1,0,1993,7.405138534,497780.0354
157,4522,1,3,1,1992,2.898346025,491994.4429
158,4351,2,1,0,2015,7.052701638,452866.6898
159,4905,5,3,1,1964,7.338331671,329947.7981
160,3573,5,1,2,2015,6.027601032,259202.575
161,3352,5,3,1,1962,9.132560828,245754.5241
162,3632,2,1,0,2020,1.998953325,104849.9
163,4707,5,1,1,2019,2.594093118,199669.7989
164,952,3,3,2,1966,4.85798342,387523.294
165,3764,2,2,0,1983,2.140414617,341452.84
166,3716,3,2,2,2022,6.096665294,466568.8757
167,3600,2,1,2,1981,4.585604199,120008.9068
168,2552,5,3,1,2004,3.561362151,162110.6413
169,3410,3,2,2,2020,2.529908317,415697.5157
170,4675,3,3,0,1982,4.018044145,243403.0525
171,1904,3,2,2,1989,6.471634157,147338.1335
172,3336,2,3,2,2019,6.182066898,498580.202
173,4999,4,1,1,1977,2.472616002,414900.1211
174,4654,5,3,2,1991,2.124278297,263496.4147
175,4294,3,2,1,2015,1.240090863,429338.9908
176,2714,4,1,1,2012,1.111830344,372241.548
177,3872,5,3,0,1966,8.918293921,415989.9038
178,1806,5,2,0,1992,1.405799704,426082.551
179,1206,3,1,0,1964,7.580989989,133891.4733
180,966,3,3,0,2008,8.847865866,349189.1551
181,1308,2,2,1,1987,1.882520637,102714.2212
182,2461,4,3,2,2020,4.926712814,117382.4985
183,4464,4,3,0,1967,9.660726849,461592.0036
184,4289,3,1,0,1974,8.507247945,311025.4885
185,1480,5,1,0,2011,5.407336287,394360.7943
186,3324,3,2,2,1963,7.863140015,435400.3962
187,2920,5,1,0,1993,8.50039862,479834.707
188,2163,5,2,2,1964,4.132242669,447741.1392
189,2131,3,3,1,1992,9.029376252,293324.5795
190,3092,1,3,1,2016,5.234259877,234388.123
191,2338,4,2,1,1964,5.750266272,161797.2945
192,4208,5,3,2,1997,9.99736874,260128.593
193,1360,5,1,0,1993,8.589726695,246597.4317
194,1899,1,3,0,2017,4.255930052,323829.9368
195,2703,2,1,0,1985,1.093110368,366203.7635
196,974,1,2,0,1960,6.635566664,491330.1906
197,2956,1,2,0,1963,7.335220835,391354.4744
198,3030,5,3,2,1998,6.857224211,357499.413
199,4960,4,3,1,2013,9.71076116,234036.9737
200,4720,1,1,0,1985,8.766739246,113801.5506
201,2297,2,1,1,1992,5.039485239,215250.0515
202,4654,3,3,2,1992,1.565717387,407379.1602
203,3971,1,3,2,1967,5.284528926,182108.7763
204,2367,1,2,0,1979,7.20319618,384875.2775
205,1951,2,2,2,1975,6.469388274,331911.937
206,1168,4,2,1,1980,5.843233609,168742.7479
207,842,1,3,0,2004,5.219370622,204649.9225
208,2707,1,3,0,2014,3.643856857,298521.4414
209,4290,4,3,1,2015,3.496120856,267349.882
210,3335,2,2,0,2022,5.50208331,411425.539
211,4973,1,3,0,1985,2.445428318,393761.857
212,3673,4,1,1,1982,4.066168812,329829.8014
213,2624,1,3,0,1977,3.915813472,428909.8846
214,2093,3,3,0,2021,6.284195214,325067.8163
215,4186,5,3,1,1990,1.600140703,485755.7027
216,3772,3,3,2,2011,8.467018122,186889.6397
217,4722,1,3,1,2001,6.061405423,385652.7974
218,1792,2,1,0,1971,7.037440127,247977.6528
219,3186,5,1,1,1960,7.327845134,211586.4778
220,3040,3,3,0,2001,3.623357232,172154.9904
221,2276,4,2,0,1968,5.233344106,321001.3905
222,4207,2,3,1,1962,9.606213603,186187.7731
223,1189,3,3,0,2019,7.900347142,180140.3406
224,1799,4,3,2,2010,9.726011877,496212.762
225,2655,1,2,0,1985,7.716289106,420698.9667
226,1458,4,2,1,1968,2.580401257,399310.7281
227,3563,3,2,2,2001,1.580822955,417624.2504
228,4463,3,1,2,2010,6.19895293,487569.1495
229,2281,1,2,0,1975,4.220319517,329310.6755
230,4531,4,1,1,1983,3.479121191,188097.551
231,1251,4,1,0,2009,8.264898968,444883.8563
232,3275,1,2,0,1973,4.302939404,397092.2918
233,4022,4,2,1,2020,3.853008728,265723.3249
234,2337,1,2,1,1962,8.649888339,289427.7994
235,3893,2,1,0,1993,8.616586028,264500.9594
236,1682,3,3,2,1992,4.20729974,471976.8641
237,4868,2,2,0,2009,8.492488309,237412.6446
238,3366,5,2,2,1983,8.657006413,485393.7115
239,4077,5,2,0,1968,4.815374815,464108.7085
240,1174,5,1,1,1972,1.598258172,352208.4569
241,4497,1,1,2,1961,1.0142618,331928.7092
242,3862,4,3,1,1966,5.709632166,248035.712
243,4050,2,2,1,2007,4.09667944,107335.3556
244,912,2,1,1,2022,9.974187047,151049.2745
245,3997,2,3,1,1980,7.951698997,401692.5293
246,3178,2,2,1,1978,7.851479107,288616.0506
247,2724,5,1,0,1984,9.597184915,159935.2537
248,939,2,2,2,2006,8.989519581,205584.3417
249,2224,4,2,0,1981,3.863687315,479134.7599
250,3749,5,1,0,1970,2.493884994,246853.1341
251,3968,2,1,0,1992,7.713030386,463072.7781
252,1316,1,1,1,1991,4.404465043,221854.3329
253,3416,3,2,0,1980,5.258553865,317288.0377
254,1687,3,2,2,1998,6.673579581,108190.8333
255,3904,3,3,0,1979,9.170854092,308750.0441
256,849,5,2,1,1967,4.771789783,354776.8042
257,4751,2,1,2,2001,8.049852012,193722.0397
258,4360,5,2,2,1996,3.415058121,331574.8705
259,818,4,3,2,1968,7.281746118,358867.1088
260,2273,1,3,2,1984,1.01421479,374754.4314
261,4861,1,1,0,1984,8.843564921,410561.3288
262,3406,3,1,1,1992,1.27341622,224535.6972
263,1251,3,3,2,1961,7.414783793,327110.7826
264,4565,3,3,2,1978,1.416323703,492631.6119
265,3238,2,3,1,2005,3.396211295,459257.6683
266,2349,4,1,0,1979,5.474821632,481066.1712
267,4274,4,3,2,2001,4.779448168,254454.5594
268,927,4,3,0,2000,2.726525031,414771.2424
269,3561,4,1,0,2001,4.004334205,347959.1807
270,2215,3,2,0,1988,7.549357331,133094.0332
271,1001,1,2,0,1965,7.023313833,429592.1557
272,3169,3,3,2,1976,1.646331254,370840.5105
273,1317,4,2,2,2019,7.72584243,179566.9438
274,2141,3,2,0,1984,1.477412931,131895.423
275,2788,4,2,0,1997,5.886337502,434808.8523
276,4345,5,2,1,1963,3.340564732,131560.7318
277,4602,1,3,1,1989,6.289211148,136541.5461
278,4075,5,2,1,1979,3.351955563,270963.3152
279,4454,2,2,2,1962,9.864621727,153919.1314
280,3234,3,1,1,1982,3.787553654,465467.839
281,1007,2,3,2,2010,3.177645721,288113.5745
282,3433,3,1,2,1977,3.506187618,327660.3923
283,4917,5,1,2,1985,9.068255715,471242.4358
284,953,4,3,2,2015,6.725969458,312105.2903
285,4166,4,2,1,1995,7.576156877,241436.4584
286,2318,3,1,0,1967,9.262094591,418862.0423
287,3400,4,3,0,1976,9.206852364,277140.079
288,2995,5,2,0,1990,7.650512619,227387.7702
289,4354,4,3,1,1996,2.78041986,389291.7834
290,3214,5,1,0,2004,8.590359886,420642.2706
291,3649,2,2,1,2016,2.833984308,416686.467
292,2542,5,2,1,1992,7.686089327,491069.7657
293,2106,1,3,1,1986,7.170427599,414666.7795
294,4649,1,2,0,2004,7.829999651,407973.3744
295,4968,1,1,0,1963,5.794171126,442994.1015
296,4995,3,1,0,1981,6.74853564,100074.0781
297,3355,3,1,2,1985,9.579880724,244972.5645
298,3105,3,3,1,1991,1.909797348,395041.2384
299,1888,5,2,2,1983,3.779625473,339887.6044
300,3442,3,2,1,2005,6.502213118,171028.8011
301,1977,2,2,0,1994,9.676487171,221493.2356
302,3794,1,1,1,1996,1.860170029,234717.0444
303,1359,5,2,1,1991,1.202942994,327131.2445
304,3764,1,1,2,1966,1.501746386,432639.3186
305,2071,3,2,1,1992,1.471651178,472996.7119
306,2613,5,1,0,1990,9.17034272,400036.9651
307,3715,4,2,1,2014,7.491321171,437180.1561
308,1409,2,3,1,2020,7.093957296,288038.3834
309,3261,3,3,1,1971,5.703155382,255910.1278
310,4920,3,1,2,1970,8.037573553,257083.4129
311,1083,2,1,1,1983,2.400831935,346415.4113
312,3728,2,2,1,1967,4.527470708,149694.6822
313,1891,4,2,2,1991,5.410038257,331797.6731
314,1616,3,3,2,2016,1.993685479,366053.1441
315,882,3,2,2,1997,4.775623384,275563.4961
316,2720,1,1,2,2019,3.848516013,481266.8707
317,4291,5,1,0,1981,1.320239312,343285.309
318,3944,5,1,0,1993,2.230618625,187999.7889
319,2893,1,1,1,1978,7.876331409,291686.503
320,975,5,1,0,2011,1.162341186,370161.7749
321,3504,2,3,1,1979,9.408279692,229451.6498
322,1169,5,3,0,2015,1.777821692,131856.6425
323,2618,5,1,2,1973,8.193142848,333374.2539
324,2901,1,2,2,1992,9.087548868,479148.0674
325,4290,4,1,0,1969,9.470220264,294028.7942
326,2579,5,3,0,1975,8.807293211,462443.6323
327,2164,5,1,1,2021,3.587950355,434009.4353
328,4142,4,3,1,1963,3.997784182,158965.1135
329,4476,1,3,1,1986,4.838911287,383267.9687
330,3226,4,1,2,1987,2.253670205,274186.21
331,872,1,1,2,2020,1.200452096,200098.5301
332,3762,2,2,2,2002,8.822094529,374775.3423
333,1659,1,3,2,1975,5.987158446,397064.2875
334,4656,2,2,1,2018,6.47850648,171958.5275
335,4938,2,1,2,2011,9.342896273,465777.8728
336,3224,1,3,2,1992,6.986081603,400458.8976
337,1864,3,2,2,2007,7.217681539,473350.1997
338,3017,1,2,2,1978,8.082717836,226829.2875
339,4817,5,2,0,1980,2.047136049,475734.0063
340,3059,5,1,1,1981,4.241459379,247407.0631
341,4551,3,1,1,1968,9.713871349,121587.9046
342,2886,2,1,2,1968,9.306370703,405187.7555
343,1168,3,3,0,1968,8.956677667,381403.2576
344,3604,5,1,1,1986,5.068796593,339164.3969
345,950,3,3,1,1976,8.714736582,295957.4978
346,1934,1,2,2,2003,1.435562938,112866.1081
347,3584,3,2,2,2016,2.336656818,349838.9006
348,4964,2,1,1,2004,4.725709286,266733.8461
349,3146,1,2,1,1967,5.3505286,324083.7611
350,3050,4,1,0,1975,3.371564382,271728.5368
351,860,5,3,1,1977,4.208290038,486422.4531
352,3810,5,2,1,2020,2.464984909,341643.5605
353,4701,3,1,2,2018,5.402206285,399694.5322
354,2137,1,2,1,1992,8.144589636,474538.779
355,1984,4,2,2,1960,6.952243543,336639.7292
356,2351,1,1,1,1971,1.970130226,104825.0071
357,2429,5,2,1,1965,5.388234431,113716.6713
358,2127,1,2,1,2000,7.278817445,380935.3736
359,2326,4,2,0,2014,5.769057669,211634.0545
360,2473,3,2,2,1964,4.525080369,331751.8909
361,2161,2,3,0,2018,6.597229792,180910.8724
362,2373,1,2,1,1975,9.717747988,208099.55
363,3486,2,2,0,1977,1.854171188,301856.4224
364,3166,5,1,2,2008,4.510144547,490227.7853
365,4557,3,3,1,1977,4.659452677,346508.1957
366,3234,3,1,0,1960,6.192705794,474459.2418
367,2793,1,1,0,1978,2.369571417,483751.9418
368,1669,3,1,2,2013,2.589787269,183243.9986
369,1814,1,3,0,2020,3.568252474,224477.441
370,2711,1,1,2,1967,9.602830389,407996.9125
371,1402,2,1,1,1962,7.606977231,446705.6009
372,4621,3,1,1,2017,6.955239715,307690.6977
373,1490,1,2,0,1984,8.352619187,497290.4269
374,1293,2,1,1,2017,2.14818822,104628.8795
375,1289,4,3,1,1964,8.733995378,219837.0622
376,3356,2,3,0,2014,6.353494425,349264.7015
377,1094,2,2,1,1999,4.017961067,287715.9644
378,4827,1,3,0,1978,8.342697302,146641.1866
379,3643,5,3,2,1977,8.223080809,247114.8342
380,3712,5,2,2,2009,8.611377235,110178.8573
381,2517,5,1,2,2012,2.039661101,357098.4184
382,3396,2,2,0,1990,9.724251205,457097.0172
383,2673,1,1,0,1992,9.636635384,453949.6495
384,4058,3,1,1,2006,4.21722681,379817.7895
385,3617,2,3,1,1977,1.593046164,286308.0782
386,1244,2,2,1,2020,2.503501025,304812.6475
387,4441,1,3,1,2016,9.935477429,154767.5296
388,1541,4,3,1,1998,6.067116489,236406.8372
389,2841,2,1,0,1975,4.209596189,175091.2302
390,1479,4,3,0,2022,3.593824245,428480.0813
391,3267,4,2,2,1975,3.312925618,465901.5605
392,4497,5,3,2,2006,6.977374885,314769.3046
393,2158,1,3,2,1997,4.774490484,391105.6162
394,862,4,1,2,2000,9.688696294,148585.9084
395,3359,1,2,0,1966,7.154587276,343413.8573
396,4569,5,3,0,1973,8.128401319,381116.4086
397,934,1,1,0,2002,3.634673937,281107.2518
398,4444,2,3,1,2012,1.712677682,197309.2338
399,2935,4,2,1,2022,5.390405536,450949.8082
400,4078,1,3,2,2007,3.831233919,397163.488
401,1622,3,3,1,1984,2.818748485,459942.9127
402,3874,1,1,0,1991,9.573779177,427361.059
403,3781,4,3,2,1997,4.995893929,496149.7718
404,920,5,1,2,1981,2.572377328,176869.0933
405,2437,5,2,1,2018,2.787855874,134699.1071
406,1724,4,3,2,1975,3.526387682,234801.1165
407,1444,2,2,1,2011,9.993846414,151601.67
408,2832,2,2,1,1988,3.412103505,309252.0452
409,3561,5,3,2,1975,3.959216241,353211.5622
410,2868,5,1,1,1971,6.933953152,331315.4461
411,1041,4,2,1,1976,3.645652388,203696.0542
412,3468,2,2,1,1996,2.94223826,463529.6124
413,1602,5,3,1,1986,2.42773468,108468.9455
414,4964,2,3,2,1984,3.814143985,239205.3415
415,995,5,3,0,1972,1.953241207,387596.9902
416,2987,1,3,0,1967,1.167819278,406771.5705
417,4315,3,3,1,2015,8.241775276,266447.4178
418,3130,1,3,1,1964,2.241054482,106763.9253
419,3159,5,1,1,1971,7.983791648,347217.4716
420,4406,3,2,0,2000,8.177882311,125237.8725
421,1076,3,1,1,1962,5.841275737,143142.3105
422,860,5,1,2,1994,3.787137625,360100.2879
423,4190,5,3,2,1992,2.305294604,224995.3305
424,2713,2,2,2,2016,7.63124596,239212.0611
425,4727,5,1,0,1981,6.412482874,294722.8308
426,3391,4,3,1,2009,6.899081108,491431.3579
427,1366,5,3,1,2015,1.078021809,486176.8883
428,4735,4,2,1,2003,9.347653141,266504.3997
429,2371,5,1,0,1968,1.596611687,206199.6869
430,2000,2,1,0,2000,4.301252966,221036.8611
431,3654,4,1,0,1977,4.624404847,207512.5193
432,3695,1,3,0,2009,1.01219972,312898.3229
433,2036,4,2,2,1988,5.473803784,342743.9231
434,936,2,2,0,1998,7.775280951,295511.7553
435,1829,4,1,0,1986,8.409417878,263197.7449
436,2956,5,3,0,1995,8.91457294,184514.015
437,3394,5,1,1,2004,5.389469815,293002.2366
438,1461,2,2,1,1976,6.675725715,236441.0855
439,3272,3,3,1,2015,1.71567742,316638.1851
440,3477,5,1,2,1993,5.392344019,370075.7662
441,3108,1,1,2,2005,2.393341794,353324.8698
442,886,2,3,0,1962,4.326788059,284996.0842
443,3312,4,2,1,1964,3.963747816,322420.9697
444,3742,4,3,2,1973,4.811865195,213942.4524
445,3573,1,1,1,1962,6.144729562,109696.1036
446,3304,5,1,2,1982,9.125889824,350007.7817
447,4110,2,1,2,1998,4.550361682,201027.4237
448,2500,1,1,0,1989,9.830180761,367581.484
449,4470,5,2,0,2009,7.831252432,398803.3998
450,3500,2,2,2,2004,5.603329421,466371.0984
451,4429,4,1,0,2020,6.796237934,483249.1182
452,2447,2,2,2,1982,1.92001754,104210.4185
453,4118,3,2,2,1986,8.600693782,496149.6837
454,4487,2,2,1,2013,6.241217096,373207.3274
455,1396,3,1,0,1969,9.874607322,357409.6641
456,1284,2,3,0,1984,6.727858694,106085.2381
457,1445,3,3,0,1972,8.507004249,444493.3648
458,3889,4,3,1,1975,8.197864685,158196.5789
459,1520,5,1,1,2000,4.109150363,434932.0616
460,1298,3,2,1,1993,3.336495627,106225.0185
461,2473,3,2,0,2014,4.874442251,358385.705
462,3867,4,1,0,1996,5.2051721,273920.6135
463,914,3,1,0,2020,3.160762317,180306.6916
464,3779,1,3,1,1981,9.05138086,143024.5567
465,2536,4,3,1,1976,5.882930761,276051.0786
466,4411,1,1,2,1982,9.805999529,149322.3221
467,3053,4,3,1,2013,8.290160002,294578.6447
468,3094,3,2,2,1995,6.001343744,350086.8235
469,4430,1,1,0,2008,9.523362503,430953.6774
470,946,3,1,1,1968,5.543873336,371459.7749
471,4782,4,2,0,2011,8.983958613,126079.9067
472,4253,3,2,0,1961,4.223303031,222973.013
473,3210,1,2,0,1991,4.407781451,215191.4432
474,936,1,3,0,2015,4.763176147,466012.9694
475,4160,3,1,1,2009,5.919630813,447112.8178
476,3805,2,3,0,2012,5.981412432,248059.1673
477,4352,4,2,2,2018,5.467590295,128462.1024
478,818,4,3,1,1981,3.754008762,457642.9271
479,3042,3,2,0,2002,9.344858183,455275.9812
480,1248,2,3,1,1972,6.297274876,441898.4528
481,2748,1,3,2,1967,4.669652946,438032.6551
482,1745,5,2,0,2018,6.860592647,292101.6004
483,2720,5,3,2,1960,7.91170082,170972.6609
484,3777,3,1,0,1976,9.646552794,290995.2202
485,4988,2,3,2,1971,5.49594246,297839.1083
486,4815,2,3,0,1963,2.008886593,295972.7013
487,1038,4,1,1,2012,4.966892213,315509.0344
488,1004,1,2,0,1972,5.310735053,203062.8092
489,3407,2,1,1,1990,9.072946704,246496.4725
490,4188,5,3,0,2020,4.553206916,273674.6368
491,3772,1,2,0,2000,9.579918384,152448.4838
492,3487,1,3,2,2018,5.366187169,282145.6538
493,4966,3,3,2,2021,9.764024509,424187.8468
494,2148,2,1,2,1966,1.07378489,431223.8171
495,1616,3,1,0,1982,9.089338373,264625.5088
496,1620,2,2,0,1983,9.380084067,307523.3248
497,992,4,2,0,2022,9.649188422,113460.1329
498,2576,3,2,1,1964,1.117688808,369773.0226
499,4445,3,3,1,1964,2.545307529,261842.3532
500,1050,5,1,0,1976,6.883880528,278191.0732
501,2588,3,1,2,1989,1.229254226,449469.0909
502,4500,2,1,2,1968,1.572480966,284733.7738
503,3263,5,2,2,1965,2.989709863,108476.8985
504,1967,3,1,0,1984,5.611957919,190996.3563
505,4693,3,1,2,1978,5.913123033,290248.2457
506,1896,4,1,0,1975,1.308350105,269758.5171
507,3479,3,2,1,1980,2.533305257,444148.0549
508,2647,1,1,2,1961,5.49735106,316855.0037
509,4704,5,2,1,1969,6.345465588,375854.2968
510,1304,1,1,2,1975,2.335615268,287729.3188
511,2421,5,1,0,1996,4.589572708,275862.2936
512,3272,4,1,0,1974,9.139612929,278514.6674
513,3346,3,2,0,1972,9.990093583,264368.6279
514,2187,3,2,0,1972,9.884930093,315433.3543
515,3794,3,1,2,1991,8.935070593,200177.3607
516,4616,5,3,1,2004,4.551940792,456422.0775
517,1517,3,2,0,2006,7.179168629,233234.2192
518,4284,1,2,2,2005,4.74933005,159009.5337
519,1458,3,1,1,1967,6.836743241,138620.1914
520,4808,4,3,0,2002,3.784892239,105369.166
521,4564,1,1,1,1977,6.455820282,269142.4314
522,3789,3,2,0,2015,5.713826469,175044.3954
523,2904,3,2,1,1995,1.220322392,108659.161
524,2055,2,1,1,1985,8.116326134,308007.8185
525,3282,5,1,0,1969,1.10708049,371991.4195
526,1183,1,3,2,1990,3.63840348,134300.4204
527,3407,2,3,1,1992,1.053316589,284368.3092
528,993,4,2,0,1988,4.38581272,397451.4714
529,4607,5,3,1,1964,1.568444753,494322.7284
530,4519,1,3,1,1972,9.221598701,366876.1379
531,3381,3,2,2,1960,4.741113656,197935.8203
532,3365,1,2,1,1982,5.135461974,386621.4559
533,3563,3,2,1,1999,4.148652125,339171.7707
534,3598,5,2,0,1962,6.647555388,184719.7154
535,3139,3,1,0,1962,8.05967305,440444.3303
536,4206,4,2,2,1966,6.833320687,270961.7709
537,1531,3,2,1,1995,7.733864066,484791.0619
538,3672,4,2,1,1994,9.153762972,389160.403
539,3920,5,3,1,1974,8.771918785,357825.2619
540,4977,5,2,2,1999,7.066526075,391341.135
541,3404,1,1,1,1962,2.931741666,291238.8075
542,3182,4,1,0,1988,6.739325659,302090.5911
543,1331,4,2,2,1989,5.554747862,440482.9542
544,1434,2,1,0,1998,7.454973079,372371.4147
545,2569,2,3,0,1977,8.496384836,458897.3301
546,4604,2,2,2,1970,7.684493475,456330.7014
547,3170,3,1,0,2002,8.61905053,490596.0136
548,802,2,1,1,2008,1.57479736,380085.8635
549,1005,4,2,2,2019,1.284580344,300920.6871
550,4935,3,1,0,1997,3.326505109,166524.6801
551,3421,5,2,1,1999,9.105994757,382152.2239
552,3690,1,1,1,1960,8.412933259,216631.0867
553,3993,2,3,0,1988,7.14454568,213179.0272
554,3466,5,1,1,1969,7.306828007,195315.1106
555,4106,4,1,2,1987,7.540034223,450048.8229
556,1697,1,2,0,2016,9.483424304,447185.7787
557,1885,5,1,1,1990,8.489720371,352388.1779
558,2079,1,2,1,1978,6.610513483,289192.3925
559,1470,2,3,0,1962,6.991438917,368845.784
560,2305,4,2,0,1995,2.923662359,342891.7801
561,4375,1,2,0,2002,6.915869426,266293.6993
562,2755,5,1,0,1974,4.822111112,251852.347
563,1049,2,3,2,1992,2.376656835,253117.7233
564,2692,2,2,0,2000,8.257625373,335653.3613
565,4239,5,1,2,2002,5.592223898,359067.7424
566,2653,5,1,2,2010,9.796825375,280696.7014
567,3654,1,2,0,2004,3.53511419,487476.5801
568,2303,3,1,2,1985,5.326031011,133538.2872
569,4185,2,2,0,1975,5.031959092,238818.8104
570,4371,1,2,0,1995,2.087015702,267629.8733
571,4592,5,2,1,1992,4.835037509,106768.5374
572,4226,1,3,0,1979,3.587981108,245982.8751
573,843,5,2,1,1972,2.442884242,209483.9669
574,4412,4,1,2,1992,3.539400256,302414.5081
575,3418,5,3,1,1964,3.099265221,234564.2189
576,3963,5,1,2,1996,7.606661779,390472.854
577,2088,5,3,0,1973,1.276976604,303972.9982
578,3742,3,3,2,1986,6.557164731,151904.8934
579,1019,5,3,2,1982,7.845952078,400024.5297
580,2725,2,3,0,1973,5.326511108,139691.5584
581,3772,2,1,2,1999,9.38408482,435619.6672
582,4313,1,2,0,1963,7.370926257,472568.8776
583,3248,3,1,1,1998,7.731312862,228978.1161
584,4271,1,2,0,2011,2.772401387,470457.0533
585,3574,2,1,0,1978,7.995660183,417203.2636
586,1790,2,3,2,2006,8.488852625,468974.2444
587,3746,4,3,1,2013,4.251397496,366508.0548
588,2612,5,2,0,1963,2.920267612,194257.6158
589,1603,2,2,1,1989,4.465456113,457809.2948
590,1289,1,1,1,1978,7.656471721,173706.0305
591,4356,1,2,2,1990,4.758751053,185224.2204
592,2293,5,1,0,1990,7.629866877,208425.1961
593,4445,5,2,2,1968,2.022080869,221698.5246
594,3691,4,2,0,2012,8.254105394,305791.8569
595,2505,3,2,1,1972,3.278867335,385382.9442
596,4316,1,3,0,1973,3.240360889,470483.2698
597,4140,5,3,0,2014,6.313428687,135375.0349
598,853,1,1,1,2019,1.631062412,481747.7449
599,3375,5,2,1,2005,1.23667954,468529.1868
600,4391,2,1,0,2013,3.349257988,121599.7169
601,1415,1,2,2,1969,5.842607957,244128.4551
602,1754,2,3,0,2007,9.168547476,425257.3561
603,3233,1,3,1,1990,8.617916587,344630.6182
604,2429,3,2,2,1996,5.414018139,411637.5774
605,3581,4,2,1,1982,1.333467943,387613.3355
606,1449,2,3,1,1986,5.817274612,298708.0453
607,3147,5,3,2,1965,7.343160399,116487.2184
608,4078,3,1,1,1985,4.052480793,333707.2808
609,3440,1,3,1,1961,1.99956973,119426.6612
610,4601,2,2,1,2004,3.507111579,341490.687
611,3361,1,1,1,2020,7.94429978,420164.345
612,4049,1,2,1,1972,4.161194491,333996.6995
613,1170,1,1,1,2010,8.307833416,498808.7218
614,1657,4,2,1,2009,3.875693066,282346.6001
615,1183,4,3,1,2019,2.471995346,399530.9854
616,4677,5,2,1,1978,4.922635236,366885.3167
617,3352,2,1,0,1960,5.070470611,496572.6766
618,3525,3,2,0,1999,1.144973967,385287.602
619,4834,3,1,1,1991,2.053405654,165612.2926
620,4093,3,2,0,1981,2.664334169,482207.0826
621,4788,1,3,2,2007,2.022285856,367110.8906
622,1722,4,3,0,1988,4.073734679,123735.2923
623,3715,2,2,1,1961,9.681605701,363027.3223
624,3750,1,2,1,1999,5.583002845,453247.7627
625,3846,4,2,0,1997,6.648004215,330816.7448
626,1774,4,1,1,2007,4.207478307,241607.8552
627,2030,2,2,2,2014,3.911389855,428363.8536
628,3235,2,2,2,1970,1.208320947,413004.8033
629,2614,2,1,1,1976,5.503002901,317672.8617
630,3734,1,3,2,2014,5.352481061,161744.708
631,2163,5,2,2,2010,2.420476536,200394.5942
632,4740,2,2,0,2002,7.878916002,395393.5889
633,1003,5,3,2,2019,5.434068973,422432.8662
634,960,1,3,0,1967,4.050945731,211706.1112
635,1568,5,1,1,1981,2.322180181,247194.0309
636,4548,3,2,0,1963,5.969447443,131052.7541
637,3381,5,2,1,1970,7.775353235,385384.7793
638,1893,2,1,1,1967,3.537994174,101431.0178
639,1407,1,3,1,1968,2.969149164,118616.6085
640,2340,2,1,1,1985,5.697414677,101737.6271
641,3675,3,3,1,1961,2.398089723,358127.8333
642,3991,2,1,0,1975,6.999520479,266954.8511
643,2637,2,3,1,1990,6.448092651,219018.7045
644,1489,2,1,2,1965,1.783738446,465080.4041
645,4559,4,3,2,2012,1.328683414,177121.1179
646,3749,3,3,1,1980,6.582597873,255747.2042
647,2903,2,3,2,1985,3.648643966,476124.7204
648,1165,2,3,0,2018,1.778011779,270842.6251
649,4375,2,3,0,1978,7.834858345,321877.4743
650,4999,1,2,1,1987,3.826396027,132134.7466
651,4972,4,3,1,1967,5.136395947,416066.5548
652,3178,1,2,1,1973,3.131316347,269103.5108
653,2005,4,3,2,1983,6.645853705,420206.0498
654,4639,2,2,2,2007,3.713395738,201519.057
655,3535,3,2,0,2003,9.712188651,268991.5002
656,4147,5,1,2,1996,7.326527938,414619.5745
657,2475,5,3,0,2015,2.230500487,489551.1068
658,1098,2,1,2,1985,4.750253557,123850.2098
659,1756,1,1,0,1990,4.468789898,424982.471
660,1914,3,3,1,2015,5.808223996,220275.6271
661,3305,4,1,2,2010,8.57737607,320297.3124
662,2274,2,3,0,1991,6.250798137,216036.906
663,4526,3,1,2,2009,1.554010098,345378.189
664,4271,3,3,1,2000,6.898741271,241521.1323
665,3628,4,3,0,1961,1.074387682,233445.9564
666,3650,3,3,2,1984,8.019644145,115175.3252
667,3306,1,2,2,2011,6.999724652,158784.1624
668,4570,1,1,1,2003,3.779070925,466831.2795
669,3764,1,2,1,2020,3.631976241,499310.9715
670,1749,3,1,0,1961,8.184456969,412208.2303
671,3650,1,1,2,2001,8.050030227,214725.0499
672,965,4,1,2,1960,4.170721189,260978.0554
673,4286,3,2,1,1995,3.690529553,395801.382
674,3309,5,1,1,2016,6.0384231,487405.4228
675,1719,3,2,0,1971,1.07529094,282188.4683
676,913,4,3,2,1968,1.744003342,431808.9661
677,4304,5,1,2,1995,2.135526311,490027.569
678,1791,3,1,0,2000,2.66870636,449389.2684
679,4639,1,3,0,2022,5.60816314,190859.8987
680,2058,2,3,1,1987,9.930177234,103212.7456
681,4226,2,1,1,1997,6.873520616,296832.6822
682,1314,1,3,0,1992,1.55168915,312544.3327
683,3996,2,2,0,2001,5.730214367,180500.1458
684,3384,2,2,2,2020,5.469806912,213869.7568
685,867,1,1,0,2005,2.297510342,406061.2643
686,2396,1,2,0,1981,9.282451319,288138.9035
687,818,3,2,2,1984,4.966887229,226941.6334
688,3530,3,1,0,2020,9.951032265,349050.4109
689,4321,1,3,1,1977,4.780650657,361103.9024
690,1372,4,1,1,1965,6.471619324,407758.3107
691,3058,2,2,2,1977,1.942862828,162683.7183
692,3702,3,1,0,2011,5.088050414,396606.9009
693,1450,2,1,1,1975,3.148893046,339771.3568
694,3387,5,2,1,1974,8.520083187,123028.7461
695,4062,1,2,1,2007,8.055276264,410978.2513
696,2138,4,1,1,1967,8.417619997,253232.1125
697,4434,5,2,0,1972,7.51248494,232152.3737
698,3627,5,2,0,2014,8.494149013,279230.0606
699,3017,5,2,0,2002,2.807458752,238470.0309
700,4339,1,2,0,2019,5.068393989,235314.2369
701,1837,3,2,1,2020,7.22662192,423231.0671
702,4778,1,2,2,2016,6.736532481,149802.1017
703,3761,3,3,2,1966,7.447190346,488240.0271
704,4026,5,1,1,1976,3.018325448,321972.6577
705,1898,5,2,1,2009,1.885912381,173169.5994
706,3124,4,1,2,1991,9.251259203,152486.1932
707,1739,3,3,2,1981,6.04154706,336603.8129
708,4516,5,2,1,2014,2.384433321,353199.7775
709,4214,2,1,1,2010,8.140929237,121210.3084
710,2248,4,2,0,2016,9.23436943,197200.7657
711,1370,1,2,0,1972,2.526071667,418184.7685
712,3704,4,2,2,2006,8.356712097,119849.8511
713,3305,2,2,1,1982,9.399025552,442035.4656
714,1717,3,2,2,2021,9.445254403,363264.9906
715,2674,1,2,0,2013,9.227408155,273769.3037
716,2478,1,2,0,1988,5.917789111,238573.1396
717,1415,3,3,2,1981,4.205901855,107699.5855
718,2549,4,3,0,1960,1.065455269,430085.9783
719,4625,5,2,1,1988,1.548210042,157088.7416
720,4988,4,2,2,2007,4.859551138,223816.7967
721,3277,2,3,1,1964,4.593935318,327642.7921
722,4305,5,3,1,2017,2.662425186,198397.04
723,4275,4,3,0,1994,4.559320252,298856.1855
724,1935,3,2,1,2014,2.571850589,423737.1315
725,4800,2,1,2,1969,8.639121275,288215.1739
726,1174,2,1,1,1978,3.683753901,479590.9376
727,1006,2,1,1,1996,6.387079151,439000.2482
728,2119,5,1,1,1966,5.525587558,233215.6941
729,1941,1,2,1,2005,1.466938698,259984.8498
730,3490,5,1,1,1994,9.480103475,269330.6908
731,4055,4,3,0,2004,5.745033804,350471.7812
732,889,1,3,2,1972,3.925518791,214718.2917
733,4908,4,1,0,1969,2.423139127,487699.6555
734,3820,1,3,2,1961,4.046739713,343473.6882
735,2657,5,2,2,1965,1.184604427,259760.6635
736,1604,2,1,2,1967,4.272023398,358003.9262
737,1744,3,1,2,1995,5.783373346,258162.0042
738,3589,2,2,2,1984,8.846796213,427118.2724
739,4675,5,3,1,2003,7.186369759,327136.3842
740,2410,1,2,0,2019,2.004240818,116788.2014
741,3723,2,2,0,2006,2.32971692,170702.747
742,4682,5,3,1,1999,4.85311031,445997.5892
743,4021,4,2,2,1966,2.761369765,325159.9305
744,3187,3,3,0,2005,1.250647998,480137.3906
745,1741,2,3,1,1982,8.245133921,128968.9251
746,3366,1,2,1,1978,1.175703136,218104.252
747,1775,4,3,0,2005,8.476206447,177417.3493
748,1754,5,2,0,1981,2.296935667,321536.1169
749,2062,3,3,2,1972,9.772105697,253117.1324
750,1743,1,1,2,2020,6.434865206,162909.4136
751,3002,5,3,0,1980,7.614846745,357100.7656
752,4127,5,3,2,1960,1.994352652,314519.3463
753,3059,2,2,1,2018,8.758936661,209894.5005
754,2628,2,3,2,1978,8.552731086,291908.5431
755,2057,1,1,2,2020,6.876934584,398295.326
756,1264,5,1,1,2019,5.520473781,182108.6698
757,4094,2,3,2,1992,7.493402558,217162.2987
758,2030,3,3,1,1963,1.053353938,238444.3948
759,3454,3,1,2,2001,6.331966799,398690.5749
760,1684,5,2,0,1962,8.626655214,438769.0398
761,4605,2,1,2,1986,4.212098985,250555.3986
762,4656,1,1,0,2011,1.974604208,218648.3447
763,3935,1,3,0,2000,4.787895248,455778.7033
764,1724,1,3,0,1994,7.543940042,499745.9729
765,2346,3,1,0,1987,1.965710893,368141.4559
766,1894,2,2,0,1965,2.854437042,495992.246
767,3211,2,1,1,1965,2.327966621,363986.5111
768,3417,3,1,1,2014,8.1725298,393384.1088
769,1562,1,2,1,2016,1.566033602,255462.4006
770,3123,1,1,0,2003,7.179278519,273187.0188
771,4945,5,1,2,1982,4.298112287,157654.2656
772,3575,4,3,1,2021,7.802121186,429100.0059
773,3955,2,2,2,1992,9.679450769,472423.6124
774,4770,2,3,2,1975,2.030907696,349375.2535
775,2840,2,3,0,2022,3.82946537,237458.9234
776,1383,4,2,0,1983,8.291128849,161606.5301
777,2903,5,2,0,1964,3.395425474,206062.4919
778,2742,4,1,1,2000,2.936085373,202164.1683
779,909,1,3,0,2001,8.428401801,345411.1537
780,991,1,2,1,1972,9.883741276,478014.9861
781,1703,2,3,1,2006,6.011925311,119308.7548
782,1661,3,3,1,1971,3.502438735,100408.9198
783,1883,2,2,1,1964,4.587093654,340072.7777
784,1449,3,1,0,1996,2.531172946,213624.1848
785,4934,4,3,1,1990,7.85698551,452219.3369
786,4411,1,2,0,1987,7.96126616,230900.1232
787,1436,3,1,0,1987,8.876088931,215895.0402
788,1836,4,3,1,1989,1.239423072,207804.2485
789,4931,1,2,0,1977,6.057832075,157941.1309
790,2948,3,3,2,2003,2.928298909,332612.1897
791,4665,2,2,0,1986,4.067947139,167285.4409
792,3957,2,2,0,1994,8.064600538,269852.4639
793,4387,2,3,1,1985,2.728302871,284388.8209
794,4094,4,3,1,2016,6.745075755,108196.8188
795,3230,2,2,0,1998,6.891095721,106722.9119
796,2679,5,1,1,2008,9.586845234,308085.0755
797,4766,1,3,2,2010,7.976448357,378413.8929
798,4513,4,2,2,2019,8.232716324,476856.9929
799,4926,2,2,1,1977,5.784406741,171647.7137
800,4906,1,1,0,1992,2.681027264,141303.5238
801,2811,3,1,2,1984,4.830070291,120835.1628
802,4173,2,1,2,2015,5.945406162,274416.6332
803,2943,1,3,0,1990,7.105773265,349258.9469
804,3300,5,2,1,1996,6.469382006,436221.3427
805,2089,3,2,2,2018,4.54580046,373057.9529
806,2247,5,2,0,2019,3.387817963,183344.3156
807,3999,1,1,0,1961,2.514077589,284708.1466
808,2743,5,2,2,1992,7.244608476,464138.5385
809,3983,1,3,1,1998,6.808588069,230696.425
810,4016,1,1,2,2020,7.186352192,299492.146
811,3936,5,1,0,2002,4.352747075,483426.1339
812,4118,1,1,2,2002,3.361670403,393883.2022
813,3582,2,1,1,2022,7.837491958,399096.1543
814,1790,1,3,0,1991,7.962826555,200933.6018
815,2953,4,2,1,1977,5.100547366,265879.2473
816,1025,1,3,2,1976,6.507136763,132936.8652
817,1576,4,2,2,1993,4.361676978,342610.3468
818,3637,1,3,1,1998,7.317524801,141492.0658
819,1487,1,1,2,1966,8.52149437,434363.8329
820,1329,5,1,1,2001,7.194099496,425821.5148
821,4242,2,3,2,2013,5.613243642,313442.0404
822,2953,2,3,1,2012,5.127921635,156466.4133
823,2094,3,2,1,1994,6.780876859,110231.5933
824,2326,5,3,0,1989,7.118298024,418683.467
825,3696,5,3,0,1971,6.028564992,340056.1933
826,3903,2,2,1,1994,6.624480476,384371.8547
827,3240,5,2,2,1970,1.869298142,221522.8503
828,4935,2,2,2,2020,9.565889645,303793.0951
829,4602,5,3,2,2003,8.116957574,398869.6682
830,1644,1,2,1,2016,4.365350827,285025.3233
831,1246,2,1,1,1963,6.065313499,340553.6891
832,4715,2,1,1,1984,1.425920771,415891.3047
833,3909,4,1,1,2007,1.371050326,186088.2581
834,2034,5,3,0,1991,3.257185016,126371.5557
835,1026,5,1,1,1979,7.207314781,312729.4043
836,4943,2,3,2,2009,8.66932973,124850.3083
837,3759,1,3,0,1990,6.03267292,406622.9177
838,2630,1,1,2,1963,5.789194656,387684.5791
839,4579,1,2,1,2013,4.620785804,452685.0686
840,986,5,3,0,1997,2.454381604,355824.8392
841,3677,4,1,1,2012,2.065186912,126879.0283
842,3335,2,3,0,2022,7.846117851,201260.8502
843,2732,3,2,2,2006,9.347531962,423172.7378
844,3724,4,2,1,1960,5.124548947,166852.9669
845,1648,3,1,1,1962,6.935010928,379392.1871
846,2832,4,3,0,1996,9.230118858,412103.7324
847,2052,1,3,0,1981,1.811022696,232044.7191
848,2681,5,3,1,2021,7.934333078,228918.9894
849,1069,3,3,0,1976,6.551351959,323121.0725
850,2430,4,1,1,2021,6.387734609,444514.5331
851,4003,5,2,0,1973,3.632863856,189562.4808
852,2374,3,1,2,2000,7.155040193,476503.2784
853,3692,2,3,0,2021,8.153179793,339647.4739
854,2495,4,3,2,1994,2.015723484,496850.5885
855,4058,2,2,0,2017,5.801692879,135845.4896
856,4062,1,3,0,1972,1.911386629,150624.8546
857,2245,2,1,1,1994,8.853166174,430656.7215
858,1019,2,1,0,2002,5.568730504,445902.3582
859,852,4,2,0,1961,8.271691203,278183.4753
860,2557,1,1,2,2015,4.312770739,385628.4705
861,2466,2,1,0,2006,2.125704041,447022.915
862,3585,5,1,1,1972,1.373493739,117251.1153
863,1519,3,1,2,2010,3.533586587,329580.1692
864,1205,2,3,1,2013,3.198103303,441392.2666
865,3094,1,1,1,1975,6.043167766,259261.9778
866,871,2,2,1,1977,1.195649543,220953.4424
867,2853,3,2,1,1966,5.685134899,418282.674
868,2029,1,1,2,2004,4.525945678,234314.6334
869,2367,4,2,0,1995,6.194100429,101269.7193
870,4482,1,1,1,2000,7.321757753,483829.0351
871,3753,4,2,2,1989,6.706827506,336849.2945
872,1498,1,2,1,2001,9.861799324,427807.1675
873,1626,3,1,0,2000,2.244388095,430120.6249
874,1148,3,1,2,1966,4.86763308,126564.1681
875,4708,1,3,2,1974,4.82347663,168344.0798
876,1107,2,1,0,2019,4.753478833,224448.2723
877,4216,3,1,2,1999,6.974185528,228279.714
878,3134,4,3,0,1978,5.408452545,363514.4471
879,3609,4,1,2,2002,5.656893038,349253.1683
880,4358,5,1,2,1996,4.891203929,297835.9112
881,4277,4,3,0,1961,9.925295149,184505.4929
882,3486,5,1,0,2001,9.348052139,252793.3879
883,3785,1,1,2,2007,3.769517704,317437.5874
884,1075,1,3,2,2014,2.004345323,287194.1464
885,3347,1,3,0,1972,8.557882516,150917.0132
886,3564,2,2,0,1999,9.974532263,359804.1974
887,1136,2,1,2,2000,3.633480046,129220.7107
888,2773,5,2,2,2002,4.220064333,251277.8732
889,3779,4,2,2,2002,9.474698633,384011.7391
890,4768,4,3,0,2014,7.400165662,108009.4138
891,1710,1,1,2,2017,3.660744986,327993.1276
892,2796,3,1,1,1990,6.229418422,233808.3897
893,3929,2,3,0,1975,9.498066214,103532.7374
894,4557,2,2,2,2001,8.306317963,176153.3084
895,1127,1,3,0,2020,7.676494424,476378.4773
896,2599,2,1,1,2015,7.632966806,308459.5622
897,1114,1,3,0,2003,2.602182919,498890.8819
898,4345,5,1,2,2016,8.422131153,309926.7001
899,1934,4,2,1,1965,3.485067692,317574.5649
900,3546,3,1,1,1987,9.373299921,256737.2052
901,2320,4,2,2,1991,4.281759919,224016.1675
902,955,4,2,2,2003,8.718943573,200618.2213
903,2524,5,1,2,1969,3.396101451,237368.2465
904,4143,2,1,0,2009,5.630742429,283940.4324
905,1686,3,2,0,1977,1.961967659,176796.7801
906,3873,2,3,0,1963,6.941070127,189950.0367
907,3605,4,1,2,2022,8.524713477,208617.9075
908,1521,1,2,2,1968,7.466025532,279703.9568
909,1712,4,2,0,1966,5.709326616,361125.3467
910,4157,2,3,1,2009,1.406042907,442458.4601
911,1670,4,1,0,1967,9.400969065,214852.7349
912,4908,1,2,1,2002,7.349405937,173491.3361
913,1297,5,3,2,1966,7.712778145,251538.9859
914,2556,2,2,2,2000,8.15212518,457753.2305
915,1917,4,1,0,1999,7.729690833,103944.2913
916,4209,2,3,0,1962,4.970045477,371147.4464
917,3628,5,2,2,1976,7.602596464,290864.0186
918,2447,4,3,0,1961,6.62524109,164418.486
919,3783,4,1,2,1974,8.686147003,228408.6105
920,942,2,3,2,2005,8.222138338,189980.0176
921,3561,2,1,1,1988,1.372369442,451132.8672
922,4235,1,2,0,2009,4.409983813,292749.3536
923,3231,5,1,2,2007,1.31244537,325237.7111
924,2648,1,2,0,2011,1.918674323,337475.0477
925,3496,4,2,1,1981,6.412696498,355846.8498
926,2517,2,1,1,1963,8.86439639,298222.2762
927,3872,4,2,0,2016,2.078422828,107149.4123
928,1867,4,3,0,2011,5.059803587,233889.0748
929,3586,3,2,2,1965,9.197910143,173549.2963
930,4591,3,1,1,1997,8.328708853,372057.1372
931,2088,4,3,1,1985,5.677011068,122681.8605
932,4671,2,3,1,1970,7.944142954,325521.3564
933,2606,4,2,0,1985,5.704243966,184252.6889
934,2304,3,2,2,1976,2.422831036,479538.3354
935,4108,2,1,0,1983,2.122625019,234216.3769
936,3751,4,3,0,1987,2.695314089,230088.4765
937,871,5,1,0,1994,4.158298855,469353.8672
938,2490,5,2,2,1990,9.374763409,266939.1681
939,2144,4,3,0,1972,8.197105723,485144.9337
940,4103,2,1,1,2013,4.895214051,109668.1409
941,3913,4,1,1,1994,5.437690388,222537.8301
942,1682,4,1,1,1975,3.390485119,366477.1841
943,3462,3,1,2,1974,7.339176608,456342.7858
944,2304,5,1,0,2002,8.224891043,202562.2372
945,3263,3,3,2,1977,3.150142261,472191.0368
946,3353,3,1,0,2006,1.376394614,337648.5866
947,1532,4,3,1,1996,6.615000488,420403.2973
948,2548,3,1,0,2007,6.062609072,258882.9217
949,4724,5,2,0,2021,4.619180395,184872.153
950,1223,3,2,0,2007,6.795045476,464494.1662
951,4278,5,1,2,2008,5.955519682,473254.3474
952,2391,3,2,0,2000,3.255234189,299030.0577
953,1292,5,3,0,1986,4.579560781,102598.0064
954,991,3,1,0,2014,4.853022128,143913.1815
955,1298,3,3,2,1994,8.92223195,329211.1841
956,2056,2,1,2,2011,9.648137387,109510.6809
957,2768,5,2,2,2004,9.037012262,258764.7696
958,2986,5,3,0,2013,7.472602216,221347.9782
959,1616,5,2,1,1994,6.264934602,385739.3102
960,4020,1,2,1,1987,7.203354719,122231.4692
961,2273,3,1,1,1998,9.451982987,295492.5076
962,1886,5,3,0,2020,3.249988617,331645.708
963,4999,1,2,1,1997,5.816084569,346916.4304
964,2674,2,1,1,1968,7.206472171,262063.0688
965,1670,5,1,1,1971,7.113223012,221747.1134
966,2842,5,1,0,1974,3.270510636,372997.2135
967,1072,1,2,1,1980,6.280583747,439027.6192
968,1829,3,1,1,2011,8.163218282,377447.0551
969,4018,2,3,0,1994,5.27571082,472840.9462
970,4869,5,3,2,2001,8.13968269,386905.4101
971,1851,3,2,1,1992,4.23894338,405847.4936
972,4833,2,3,2,2010,9.448841144,167161.2786
973,2373,4,1,1,1978,5.805355964,267815.8578
974,3990,4,2,0,2014,6.363531557,294022.1324
975,4597,2,1,2,1982,1.282254119,202517.2649
976,4089,1,2,2,1972,2.532422234,311415.9441
977,4547,2,2,2,2022,6.696404924,216316.7777
978,2905,2,1,2,2003,4.778833346,375000.8371
979,1107,1,3,1,1960,5.573474114,288115.3907
980,4159,1,3,1,2010,1.566742679,283522.7817
981,3976,3,2,2,1988,8.507217146,493457.0124
982,2051,3,1,1,1983,8.060550421,256977.9394
983,3547,1,1,2,1975,2.668185781,244918.173
984,2317,4,2,2,1984,6.708964215,227441.7485
985,2178,4,3,0,2014,8.364836905,457899.6884
986,2761,2,1,2,1982,6.767687228,298689.5304
987,3663,5,3,1,1987,3.793582858,340005.791
988,3456,2,3,2,2006,6.905000354,172327.3916
989,3294,2,2,0,1975,2.894155729,316376.944
990,4805,5,2,1,2002,3.864294976,209859.2771
991,4363,1,3,0,2015,3.160626878,392254.7685
992,1722,4,1,0,1997,6.012325922,433011.3395
993,3759,2,1,2,1970,1.974039821,385924.2769
994,983,5,2,0,1962,9.399793423,392097.6665
995,4158,3,3,0,1974,4.001611183,304989.8816
996,2198,2,1,1,1960,2.970731144,384847.2225
997,3596,4,1,0,1966,5.468948322,269074.7742
998,1336,1,2,2,1960,3.492980366,360595.6614
999,2073,2,3,2,2008,5.814136777,203615.684
1000,3767,2,1,2,1991,4.136582348,127902.8049
1001,3849,5,2,0,1968,2.188601297,265389.3056
1002,1896,3,1,1,1988,3.393057178,284711.2623
1003,2105,3,1,2,1985,4.945958605,202562.8633
1004,1715,1,1,0,1982,1.272639038,391083.8074
1005,3881,4,2,2,2004,7.935782743,129420.1916
1006,1828,1,3,2,2002,6.596421081,189099.3298
1007,2777,2,2,1,1988,6.412236466,399425.8874
1008,4154,2,3,2,2011,5.914449387,274849.7095
1009,3311,3,1,1,1997,6.312818551,382113.4496
1010,1070,4,3,0,1992,9.411867574,326994.3511
1011,1986,5,1,2,1966,1.077122897,480285.1
1012,4564,4,1,0,1971,1.430197387,339118.3331
1013,3198,2,2,0,1990,2.723440689,105947.5897
1014,4982,5,1,0,1991,2.50571242,241150.9402
1015,2511,4,2,2,2013,2.630750135,157224.2729
1016,3030,4,3,1,1979,7.047494973,469853.471
1017,928,5,3,2,2014,5.135349709,141604.9817
1018,2069,2,1,0,2010,9.926009905,255082.6653
1019,4472,4,2,1,1976,3.041973233,190439.6775
1020,2401,5,1,0,1995,3.797470909,438688.7962
1021,4770,2,2,1,1962,9.858166451,223426.599
1022,1427,5,2,2,1960,8.485823267,496757.3933
1023,4597,5,2,1,2009,5.228192986,115446.6422
1024,2844,4,3,2,1986,5.99137197,151310.709
1025,4352,2,2,0,2012,8.588601286,189855.5106
1026,3141,4,3,1,2006,5.328822214,424442.4161
1027,4014,1,2,0,1999,2.854213512,451406.8836
1028,1049,1,3,1,1992,8.456000847,128580.5522
1029,3725,2,3,2,1979,5.839952421,112984.0567
1030,1774,5,3,1,1973,2.377383374,397822.7428
1031,2125,4,1,1,1995,5.550272481,153340.8027
1032,1783,4,2,2,1964,4.718830425,153199.4348
1033,1688,2,1,2,1982,8.891582787,108946.6138
1034,3737,2,2,2,2004,2.134498882,119923.151
1035,2917,1,2,1,2019,8.87688824,205470.1834
1036,3472,3,1,0,2015,5.609899151,126002.1958
1037,2126,2,3,1,1974,4.63927987,247551.6367
1038,1270,3,2,1,1965,2.45770466,433110.0125
1039,2787,2,3,0,1992,7.307361664,230528.1029
1040,890,5,1,2,2014,9.341260382,391133.665
1041,1329,5,3,1,1978,4.378396185,137563.9859
1042,4859,1,2,0,2022,3.174265006,363750.075
1043,3573,1,2,2,1972,5.993802253,226698.8733
1044,2486,3,2,2,1988,8.165673536,399901.1515
1045,991,2,1,1,2020,1.033909251,154500.8056
1046,2786,4,2,2,1965,6.682396928,459153.3511
1047,4423,1,1,2,1974,6.368644006,197030.8812
1048,2985,4,3,0,1975,3.863369672,241255.1173
1049,1808,4,2,0,1983,5.062807032,480072.2843
1050,4583,2,2,2,1982,3.222669017,331392.9439
1051,2852,3,2,0,2007,8.108971642,246308.6076
1052,4108,2,3,2,1969,6.7108144,479840.8588
1053,2516,1,2,1,2013,5.794404598,231630.9668
1054,1110,4,1,0,2000,4.532735786,137948.2851
1055,2060,2,3,2,2000,3.622459474,498739.5551
1056,4732,2,3,2,2008,8.404628374,207137.9682
1057,4068,2,3,0,1976,5.062669034,440503.1395
1058,1384,1,3,0,2008,5.513026779,166216.3179
1059,3599,3,3,1,2015,5.687458575,392541.5887
1060,1159,2,1,2,2003,5.035302419,309779.7578
1061,3666,1,3,1,2004,3.304795836,492362.6233
1062,2811,4,2,1,1989,2.083063962,321132.1424
1063,4806,5,3,1,2003,1.886835405,110006.0608
1064,2425,1,3,0,2005,7.81716271,341551.1958
1065,3564,5,3,1,1969,3.011750401,158126.5825
1066,1690,2,3,0,2014,1.501055335,419416.3661
1067,1531,2,3,0,1978,8.17765666,442627.2786
1068,4761,1,1,1,1988,2.386554876,292837.4075
1069,3304,5,1,1,1961,6.626314826,413288.5828
1070,1414,2,3,2,1995,4.047789443,158044.2942
1071,4606,4,1,1,1978,2.13832231,296831.2746
1072,2519,3,2,2,1966,4.730328813,257577.7059
1073,2387,3,3,1,1985,1.13327975,344526.9548
1074,2411,2,2,1,1974,8.569404843,117790.8755
1075,1696,5,2,1,2006,5.621481652,400849.1353
1076,1077,2,3,1,2015,2.252440098,131651.7158
1077,2436,5,2,2,1997,3.132822866,362588.607
1078,2958,4,2,2,1962,5.031776729,107382.8902
1079,3232,5,2,1,1997,2.699824445,432755.2255
1080,4704,2,3,1,2022,3.417392454,169879.8521
1081,4062,4,3,2,1975,5.809470078,306198.9904
1082,2249,1,2,0,1961,8.493481117,204597.1615
1083,2032,3,3,0,1990,4.616557171,389058.8808
1084,4917,2,3,0,1987,7.452777462,228540.4401
1085,1477,2,2,2,1966,8.890157921,389843.6774
1086,3458,2,3,2,1989,2.946708463,213948.4827
1087,2828,4,1,0,2002,8.264727734,400989.2364
1088,4558,1,3,0,2017,7.816619785,112242.1985
1089,2837,5,1,1,2021,4.212435682,213324.5341
1090,3449,1,2,2,1966,9.905679636,299453.4026
1091,1456,4,3,2,1995,3.363151343,118023.8328
1092,965,2,2,0,1988,3.293229394,174413.6245
1093,1389,3,2,0,1983,7.950332482,473814.7927
1094,3621,2,2,2,2011,4.911915862,490733.7061
1095,2062,5,2,1,1998,3.977154953,395899.979
1096,871,3,2,0,1963,2.607965248,200880.0202
1097,4316,2,3,2,1988,7.887991878,204206.9782
1098,4380,3,1,2,2003,8.076896255,358316.1431
1099,1068,1,3,1,1964,6.099076029,147039.8466
1100,2576,4,3,1,2014,9.615822519,479323.7522
1101,3262,2,3,0,1988,3.863469434,189925.1598
1102,2068,5,3,0,2021,2.976571409,499854.2502
1103,1815,1,1,0,1989,7.09720092,298293.5181
1104,3522,2,3,2,1988,7.825677767,408571.9956
1105,1883,1,2,0,1985,3.024153735,100873.6378
1106,4901,5,3,2,1978,1.689496878,455498.5619
1107,1206,2,3,0,1985,8.294648379,208000.8179
1108,3876,5,1,1,1996,9.788517763,367174.6978
1109,1785,3,1,1,1986,6.802050575,422542.1123
1110,4403,5,2,2,1989,3.500802101,165659.0962
1111,1509,3,3,1,2010,9.970053477,277003.7925
1112,3418,2,3,2,2012,9.039399726,297534.3763
1113,2211,3,3,2,1989,5.620425817,224847.7861
1114,2285,2,2,1,1962,8.427891564,292702.3319
1115,3750,2,1,2,2018,8.342384709,227018.2631
1116,3734,4,2,1,2017,9.413190727,244299.098
1117,4914,2,3,0,2002,8.568314594,367732.4715
1118,1803,3,1,0,1966,6.793113124,353037.3073
1119,3266,4,1,1,2020,6.483733471,192906.2903
1120,3266,4,2,1,2008,5.206215595,458993.1539
1121,2738,2,1,1,2016,6.63837076,445115.4183
1122,2739,5,1,1,1968,8.156949279,303633.3227
1123,2435,5,3,0,2012,9.721338637,273300.2971
1124,2498,4,3,2,2000,5.205586224,250742.3932
1125,2891,2,1,2,2001,6.162878827,382907.1675
1126,2695,5,1,0,1972,5.003249456,368666.4229
1127,4198,2,2,2,1974,7.016397589,178472.2428
1128,1873,2,2,0,2013,6.669284537,368583.2125
1129,3202,4,1,2,2022,1.160504112,200972.4776
1130,4012,4,3,1,1964,5.870454032,107423.3346
1131,4837,1,1,1,1988,1.796382061,379683.471
1132,1951,5,1,1,1994,1.237452562,357917.441
1133,3245,5,3,0,1986,8.120774459,264323.7049
1134,2756,5,3,0,1986,3.327848759,310274.4224
1135,4707,3,2,2,1967,4.065895696,478867.6767
1136,1607,2,2,2,1991,1.576761288,338080.0724
1137,986,4,2,2,1979,2.615502344,363153.5741
1138,2107,5,2,0,1969,7.890443364,125564.5284
1139,3084,1,3,2,1972,5.441777472,166397.7843
1140,1557,5,1,1,2022,8.926016163,220380.9106
1141,4654,2,2,2,1988,4.575179183,315751.7272
1142,3006,2,2,1,1994,3.418306622,410636.3584
1143,4358,4,3,0,2020,4.12839833,228496.3511
1144,2380,3,3,1,2013,7.414946142,242552.9722
1145,1761,4,1,1,1967,5.995051051,202460.3541
1146,4647,5,1,1,1988,9.137720868,201843.7317
1147,4375,1,3,0,1990,6.419518924,479545.5384
1148,1675,4,2,0,2000,5.437163876,354182.8718
1149,3218,3,2,0,1989,8.071774515,162360.4974
1150,4998,4,2,0,1981,9.527804657,388899.4312
1151,1801,2,1,2,1980,4.202613201,388808.4573
1152,4184,5,2,0,1971,3.248885891,366588.0784
1153,4866,5,2,1,1970,6.545956567,153888.178
1154,3645,5,3,0,1961,5.48985539,263196.5934
1155,2281,5,2,2,2009,9.902670174,142702.5322
1156,4101,5,3,2,2000,5.161256057,426648.2016
1157,1457,5,2,2,1961,1.668983962,362068.8573
1158,3580,1,1,1,1993,9.796321547,302881.5747
1159,1222,3,2,0,1962,8.59228251,237206.1906
1160,4481,5,2,0,1975,2.604251296,173699.7898
1161,3510,3,3,0,2010,9.141447278,142579.0355
1162,1252,5,3,1,1963,4.066001387,487696.243
1163,3197,4,3,1,1982,4.394007861,179859.4568
1164,2775,5,2,2,2016,9.157523341,123949.8507
1165,2457,2,2,2,2009,5.771040085,484666.7089
1166,3341,1,1,0,1979,2.239866365,319580.6965
1167,3875,4,2,1,1984,4.321505434,418662.694
1168,3964,4,1,1,1989,7.498877016,117506.3389
1169,3766,2,3,0,1977,2.567657693,326778.343
1170,2853,5,3,0,2001,6.312080777,259283.9856
1171,1087,1,3,2,1970,7.257467196,408785.7737
1172,4017,4,1,2,1988,4.09468218,115370.2583
1173,4654,1,2,2,1976,7.244926198,260676.2274
1174,2247,4,3,0,1985,8.957866166,419629.3678
1175,1407,5,2,0,2015,5.249050698,309078.9059
1176,2564,4,2,2,2016,4.446183954,320015.4964
1177,2025,4,3,2,1982,3.260425612,138865.8728
1178,2035,3,1,1,2015,6.437849319,152932.2224
1179,1829,5,2,1,2011,8.918668432,370799.8421
1180,3471,2,3,2,2007,3.921951405,370018.6489
1181,4762,2,2,2,1979,4.566119721,491641.3577
1182,3977,5,2,1,2004,4.659629658,384781.1952
1183,4522,2,2,2,1961,6.047311076,297297.3984
1184,2275,5,2,1,1983,3.055680654,442931.1294
1185,3696,2,2,1,1990,8.399900398,141789.1943
1186,1608,3,1,1,1986,3.660420498,279718.3284
1187,1778,2,1,0,1961,7.348264218,214843.6444
1188,3263,4,3,0,2016,5.618941676,141855.1228
1189,1525,5,1,2,1973,6.27307843,405400.8339
1190,3301,1,1,1,1963,2.616478649,304316.8122
1191,4162,1,1,0,2008,7.615208784,322707.488
1192,2016,5,2,2,1972,2.697584671,264502.0752
1193,4851,3,2,2,1995,2.021262739,284134.8926
1194,2997,2,3,2,1994,5.920115499,146406.9548
1195,3606,3,3,2,2003,7.383674232,369167.1297
1196,1578,1,3,2,2013,1.450322528,272978.9438
1197,1772,5,2,1,2014,1.624557834,426707.0293
1198,3610,5,1,2,1967,8.224112464,178514.8801
1199,2923,3,1,1,1961,8.281294296,182022.0374
1200,1398,3,2,0,1965,3.207742454,358303.8286
1201,4141,2,3,2,1990,6.537053825,438401.3694
1202,1024,4,3,0,2013,4.988620676,288879.1354
1203,1640,4,3,1,1969,6.694264373,390781.5475
1204,2614,2,2,1,2003,8.765913557,499731.9686
1205,1906,4,3,0,1980,1.718707821,496106.2559
1206,924,1,3,2,2001,8.001859834,397734.7371
1207,4046,4,2,2,1969,5.437261941,395834.5959
1208,3731,2,1,0,1982,6.077142494,199047.5549
1209,4925,4,2,0,1962,6.88538224,433415.8526
1210,3771,5,2,0,1991,9.303608342,262040.8508
1211,2817,3,2,2,1979,1.510479582,484797.5639
1212,3215,1,2,2,1969,1.265287169,132571.0755
1213,3896,5,1,2,1988,2.604356033,274336.1475
1214,2409,5,3,0,2000,9.878029534,322336.1951
1215,1517,2,2,2,2011,7.435687306,262062.4828
1216,4361,3,1,1,2010,6.531770071,184231.6762
1217,1816,3,3,0,2005,1.423351481,337195.3955
1218,4365,1,3,2,1993,8.911992015,402367.1659
1219,2760,2,3,0,1996,8.31481168,357935.4384
1220,1848,1,2,1,1979,6.983200395,193779.5395
1221,2157,4,2,1,2020,4.052177339,392643.1777
1222,4226,5,3,0,2020,1.6345446,202759.1224
1223,915,1,3,0,1967,6.220346391,170080.9452
1224,2895,5,3,1,1966,7.477251143,376267.2062
1225,2601,2,3,0,1965,1.848163154,437114.8984
1226,2946,4,3,1,1970,6.703908938,292615.7791
1227,2420,2,3,1,2003,3.577294611,312556.7173
1228,3750,4,1,2,1977,7.878197991,221099.0282
1229,4592,4,3,0,2010,5.856542655,297847.206
1230,3741,5,2,0,2001,2.16133109,152793.1992
1231,1777,2,2,2,2016,5.73867503,482332.3319
1232,3866,2,2,1,1988,4.56163177,420144.2615
1233,1583,1,3,0,1984,2.623203715,367189.2243
1234,1040,2,2,2,2022,8.573641517,315277.7487
1235,2353,1,1,2,1980,1.099256036,416867.6545
1236,1812,3,3,0,2005,3.809154492,297902.8958
1237,986,3,2,2,1962,1.113355344,219989.5633
1238,2681,3,1,1,1977,1.864062519,164149.6941
1239,1230,2,1,2,1983,3.673865973,359034.2355
1240,1038,2,2,1,2006,1.488440669,471770.298
1241,3145,1,1,1,1997,6.369674791,161447.4214
1242,875,4,2,0,1969,1.781766172,172007.218
1243,2156,1,1,2,1986,7.315422707,273442.4134
1244,3130,3,3,1,1971,1.473779014,422759.7392
1245,2702,1,3,1,1966,1.533780053,217569.0916
1246,4813,4,3,2,1976,3.747933091,201565.1699
1247,2859,2,3,1,1960,9.069143725,347986.5166
1248,940,1,3,2,2017,6.772539239,314245.9127
1249,2589,3,2,0,2009,7.931181627,124088.1458
1250,4426,3,3,1,1985,2.273968985,132595.9909
1251,816,2,3,1,1974,8.507128899,357205.1921
1252,1264,1,3,2,2010,1.073316234,286049.4397
1253,2627,4,3,2,2019,2.917516157,488390.8766
1254,3828,2,1,2,1992,6.54483089,371412.5643
1255,1319,1,3,2,2021,4.377217677,104029.4648
1256,889,5,3,1,1996,9.857740525,292407.5119
1257,3651,3,2,0,2006,1.273053221,265779.174
1258,3643,4,1,0,1990,9.987383511,142685.544
1259,2684,4,2,0,1994,6.612650496,469283.5343
1260,4971,4,3,0,1960,6.028362951,422004.5196
1261,1725,3,2,2,1967,1.535611983,192034.3634
1262,4534,1,2,1,1971,3.45995989,202392.3035
1263,1769,2,3,1,2018,9.321964195,112807.2213
1264,1894,1,1,1,2013,4.188214029,218686.9806
1265,3995,2,1,2,2016,6.954878804,333848.8036
1266,2204,4,2,1,1978,9.995467154,268337.3554
1267,4164,1,3,2,1984,3.367627425,487702.1855
1268,4782,4,2,1,2016,6.184727911,122432.0677
1269,4813,5,2,0,1991,7.267940134,336572.0636
1270,3892,4,2,2,2022,2.481645219,443323.7762
1271,4959,4,3,1,1971,2.338053073,292296.365
1272,2874,2,3,0,2022,5.106771205,101185.0882
1273,1084,5,1,0,1972,4.472312696,197120.5999
1274,1987,4,3,0,1987,7.427938932,229507.5903
1275,4769,4,2,2,1960,1.625578943,486397.7978
1276,3765,5,2,2,2010,9.749499614,464709.3127
1277,1583,5,1,1,1965,1.128492835,479668.202
1278,1749,1,3,0,1967,6.411851419,430303.383
1279,4739,2,2,1,1963,6.063693363,240659.0936
1280,844,5,1,1,1964,2.212441578,462350.5688
1281,2610,5,1,0,1984,2.358243844,492673.8024
1282,2881,3,2,1,1981,8.13409739,240028.5249
1283,4298,5,2,2,1987,8.988062126,204222.3864
1284,1629,2,3,1,1998,3.547152693,318766.5171
1285,2709,4,1,0,1982,4.941675676,174860.877
1286,3381,4,2,2,1963,4.194955369,113049.6886
1287,1491,4,1,2,2011,1.652923117,478332.4684
1288,4819,4,3,1,1963,7.058838214,470296.253
1289,1731,3,2,1,2021,8.426736413,165061.5415
1290,4206,5,3,2,2006,3.743914217,263096.0988
1291,947,4,1,1,2018,9.911582143,432414.5253
1292,1832,1,3,0,1980,1.682664016,364400.1195
1293,2111,4,3,1,1996,6.956116424,257915.0037
1294,1187,5,1,1,2015,5.034052131,397668.3989
1295,3921,4,3,2,2000,5.01941711,458818.9553
1296,2673,3,1,1,1961,5.118810544,470463.3322
1297,4388,2,2,1,2018,3.328135964,251539.8448
1298,1715,2,1,1,1966,7.440065446,169424.272
1299,2678,5,1,0,2008,7.494188735,465135.5433
1300,4548,2,2,1,1975,3.541573991,137022.1783
1301,1077,2,1,0,1976,8.517758148,388675.3565
1302,2777,1,2,0,1979,3.851604493,156198.9259
1303,2659,5,2,0,2017,7.525838116,255754.7419
1304,3836,5,1,0,1982,2.088997908,264622.2986
1305,4171,2,3,2,1993,2.518314785,163503.166
1306,2982,2,3,0,1970,3.842160801,469072.5736
1307,1970,2,2,1,1993,6.344863909,101067.2672
1308,1289,3,3,0,1992,6.809603369,457523.4173
1309,3325,4,3,1,1985,4.567205548,453531.7294
1310,1982,3,1,0,1961,1.700552378,226785.4615
1311,3288,5,2,2,2020,4.362711869,381713.708
1312,2676,1,2,0,2022,7.198907644,201123.5645
1313,3262,4,1,0,1982,7.03895915,403509.4249
1314,2430,1,3,2,2000,2.441767719,324447.8967
1315,1087,5,2,0,1981,1.070055732,220090.1817
1316,2707,5,3,1,2017,7.776834556,260093.9015
1317,1961,1,2,0,1993,1.957313497,375955.4929
1318,929,1,2,0,2019,1.741142296,462438.9799
1319,3163,1,2,0,1974,1.024310952,152290.6066
1320,943,5,2,2,1969,4.893411934,328545.5879
1321,815,2,3,0,1974,5.529375108,201491.6798
1322,1044,1,3,0,2001,6.738976415,420548.9
1323,1726,4,3,1,1988,3.664574566,128094.9223
1324,3978,5,3,0,2016,7.393822447,375582.3161
1325,2976,3,1,0,1982,2.523986717,169978.4055
1326,1686,3,2,0,2018,8.487910478,338554.1674
1327,1140,4,2,0,1976,6.14663496,434277.0349
1328,2851,2,2,1,2019,6.25500841,402032.2648
1329,4198,1,1,1,1968,2.887978724,401177.1551
1330,4750,5,3,2,2009,1.666978744,307138.1249
1331,1105,1,2,0,1995,5.182523228,456298.2367
1332,1707,5,3,2,1968,6.540507567,335242.0793
1333,3454,3,3,2,1975,1.855418128,467007.1874
1334,4592,1,1,0,1995,9.554810271,318608.9831
1335,4842,4,1,1,2007,9.823729242,302386.2252
1336,2171,2,3,1,2010,5.909110259,188941.2077
1337,1120,4,2,0,1992,9.550622397,317914.6616
1338,4859,2,2,0,2014,2.615007138,156233.9325
1339,1931,1,1,1,1990,1.228786167,447876.0805
1340,3378,1,1,0,1965,1.354685818,370356.7555
1341,4842,2,1,0,1969,6.287612315,497454.1794
1342,4167,3,1,0,1975,1.554776951,136838.9711
1343,1617,5,1,1,1963,9.626910461,196269.0999
1344,811,4,1,2,2013,2.277398897,450863.4417
1345,994,4,1,2,1981,3.742505254,258101.6399
1346,3337,4,2,0,1972,8.402660218,286521.196
1347,3642,1,1,1,1975,2.968662908,444260.755
1348,3029,4,1,0,2011,3.186716126,308729.29
1349,3809,5,2,1,2021,6.780780602,177390.3398
1350,2877,5,2,0,1988,3.484774796,456812.0462
1351,4667,2,3,1,1965,2.957028706,112424.6626
1352,1243,1,1,1,1985,3.287599429,458158.5071
1353,1097,5,1,2,1970,5.415827494,120208.0907
1354,1644,3,1,0,1983,9.694898855,366339.7458
1355,1815,1,1,2,1988,8.490141474,128671.7519
1356,2184,1,3,2,1962,3.561492381,382485.1944
1357,2197,5,2,1,2011,4.270358876,113588.5285
1358,1353,3,2,0,1969,5.180610255,436983.0911
1359,3150,2,1,1,2020,9.810366823,286377.5804
1360,2069,5,1,1,2019,2.551514215,137381.5651
1361,2060,3,1,1,2021,4.217347931,382727.778
1362,984,1,3,0,2022,7.564834846,295716.063
1363,3210,3,3,0,1960,9.675493608,176379.5436
1364,3009,1,2,1,2011,2.401076915,106268.9496
1365,4472,5,1,0,2002,3.046419588,267199.3039
1366,2681,5,1,1,1985,3.03125207,134251.6923
1367,1321,4,1,0,2017,1.188388265,137667.8793
1368,2687,4,1,0,1971,6.437040625,206931.8193
1369,3352,4,3,2,1973,7.036327667,352183.3189
1370,4609,5,2,1,1984,6.422733011,311964.2434
1371,4955,2,2,2,1967,1.641906905,127594.9233
1372,4279,5,3,2,2002,1.623071132,487372.5104
1373,2209,3,1,1,1963,2.89347899,454867.4753
1374,2494,5,2,1,1987,3.612650641,203690.1949
1375,1326,5,2,0,1966,8.078892903,148935.4304
1376,3460,1,3,1,1969,2.434512392,476961.1459
1377,2972,1,1,2,2010,1.396829948,284456.7112
1378,1079,1,2,2,2016,4.545887569,224466.7859
1379,3764,5,1,1,2017,4.747529531,296143.2141
1380,4777,2,2,2,1995,5.058166044,409097.6578
1381,3469,3,3,0,1961,8.442131896,167354.1193
1382,3693,3,1,2,1985,1.882048734,406998.3334
1383,2551,2,3,0,2012,7.335478742,399778.7152
1384,4781,2,2,2,2009,4.041510139,315739.2819
1385,3161,3,3,0,1973,3.789821228,446336.9155
1386,4931,4,3,0,2017,9.392888135,152857.3513
1387,2508,1,3,1,1975,3.23621672,338191.6027
1388,3486,1,2,0,2013,6.782786518,279737.221
1389,3695,3,1,1,2002,3.476149816,268916.8451
1390,3576,2,3,2,2001,5.564294944,201024.4285
1391,1919,4,1,2,1976,8.076636033,248911.8627
1392,3788,3,2,2,2005,8.935502712,143260.3024
1393,994,1,1,0,1981,8.548275163,200639.5879
1394,1462,5,3,2,1963,6.239626625,208786.0431
1395,1279,2,3,2,1978,3.239346838,388267.147
1396,2223,5,3,1,1961,6.951100449,119420.1709
1397,3508,3,3,1,1998,7.389145412,360476.9233
1398,3975,1,3,2,1968,1.096227911,188563.9639
1399,4614,4,3,2,2019,4.952894598,132744.6024
1400,2814,5,2,0,1978,8.589358385,220322.4644
1401,4589,4,2,0,1975,5.406288366,189789.1478
1402,3243,1,2,2,2013,3.802378979,320812.9503
1403,1711,5,1,1,1984,8.846179939,242950.5614
1404,4013,4,1,2,2007,2.402926278,486397.497
1405,3164,4,2,0,1977,2.858007092,485419.8398
1406,4429,5,1,1,1982,7.186351302,277486.1076
1407,4272,1,1,1,2012,4.171923474,418034.9843
1408,1480,4,3,0,1980,7.417151522,105307.4163
1409,1409,3,3,2,1970,2.419332591,319124.6339
1410,2956,5,1,2,1998,3.270421806,397319.6689
1411,4666,2,1,2,2000,2.409826405,186777.2902
1412,1171,2,2,0,1963,9.576192822,124468.7021
1413,1415,1,1,1,1984,4.648635648,162367.5744
1414,3053,3,3,0,2022,4.034979189,276739.2349
1415,4938,4,1,2,1991,1.127819406,302548.5683
1416,1664,2,2,0,1989,2.380758215,252354.0488
1417,2068,1,3,1,2004,4.790222706,275989.5068
1418,1584,3,3,0,2018,1.616525133,288093.9838
1419,4978,3,3,2,1985,5.596653966,407774.6646
1420,3037,1,3,1,2016,5.095138946,142096.7592
1421,4854,1,1,0,2020,7.904513263,407580.1869
1422,1735,4,2,0,1995,6.938224313,375450.9209
1423,4780,1,1,1,2010,5.013525748,396664.3238
1424,3138,4,1,1,1993,3.021946301,393787.3544
1425,1125,4,3,2,1968,7.541772094,288236.7263
1426,2334,5,2,1,1971,7.370758931,184560.0738
1427,4280,3,3,2,1961,2.379665445,314651.5617
1428,4661,3,1,0,1997,9.232766483,483192.8214
1429,2785,3,1,2,1964,1.579646044,335410.2726
1430,3578,5,3,0,2021,1.49533938,104418.8581
1431,2070,4,1,1,1964,2.686153759,123884.362
1432,1440,4,1,0,2011,9.185147182,497145.3734
1433,4878,1,3,1,1981,5.679983116,128778.5437
1434,2167,5,1,0,1964,8.091468286,118418.064
1435,4842,1,2,0,2018,3.050588693,241209.7077
1436,3375,5,3,0,1963,5.411997772,487726.8813
1437,4403,1,2,0,2020,4.224605173,227470.0615
1438,2381,2,1,2,1968,8.450457464,263953.6524
1439,2786,3,1,0,1988,1.203439954,353630.8245
1440,3040,3,3,2,1981,3.19458457,109644.7357
1441,4766,4,1,1,1986,2.373168019,459105.431
1442,2905,2,3,1,1969,8.732701348,307777.207
1443,928,3,3,2,1975,5.207894647,286724.3624
1444,4796,4,3,1,2001,4.637980395,444290.6649
1445,1651,2,3,1,2020,5.045344859,481230.6357
1446,4903,3,3,0,2001,9.747320956,269370.0927
1447,2876,1,2,0,2020,8.652406549,168976.4317
1448,3794,5,3,0,2010,7.357318947,426283.708
1449,4544,2,2,2,1969,3.614310633,261304.1685
1450,3556,4,1,2,1965,2.486556996,474218.2158
1451,2444,2,3,1,2021,9.292902661,479959.5935
1452,3944,4,1,0,2008,4.807679705,145931.6127
1453,1042,2,3,2,1964,3.508802195,482621.5869
1454,4885,4,2,2,2017,5.238287438,247308.1302
1455,970,3,2,0,1965,9.260626805,358501.0071
1456,1452,1,2,2,2022,4.483605821,113900.0327
1457,4312,3,1,0,2018,6.063768975,455553.7096
1458,2299,1,3,1,2015,8.22669671,356638.9317
1459,2899,3,1,1,2018,4.844192779,357421.7868
1460,2958,3,2,1,2022,3.101876217,460870.464
1461,2772,2,1,0,2006,9.950731735,303338.87
1462,4725,5,2,2,1984,9.609137717,264206.6561
1463,3058,4,2,1,2018,8.591312522,446451.5009
1464,4839,4,2,1,2010,7.195364914,396968.2047
1465,2835,4,3,1,2009,3.653790653,479590.266
1466,4071,1,3,2,2020,9.220716443,476048.7573
1467,1657,4,2,2,1963,3.480010031,252930.4658
1468,4623,4,1,0,1999,8.207285452,278794.5161
1469,1849,2,1,1,2018,9.264323511,202393.9815
1470,4790,3,3,2,2007,6.427034564,364259.1557
1471,1098,4,2,0,1991,8.227505961,245816.788
1472,1723,5,1,1,2015,8.125255893,414440.2586
1473,3599,4,2,2,2010,2.73841976,148620.3043
1474,4862,1,1,2,2011,7.011320262,146561.1405
1475,4845,1,3,0,1994,1.841211432,181782.1526
1476,2602,1,2,1,1969,5.570651288,133716.8754
1477,3513,4,2,1,1993,2.460119933,348012.6431
1478,3653,2,1,2,1995,4.747145489,158941.1064
1479,3457,5,1,1,1965,8.496838672,163985.167
1480,4146,4,1,0,2002,9.884510557,105691.2895
1481,2271,2,2,2,2005,3.861638485,412836.0058
1482,3749,2,3,2,1975,5.787601289,424918.4222
1483,1741,4,3,0,2018,5.601682219,164808.9665
1484,2707,4,1,2,2012,9.589613588,395809.7737
1485,2043,2,3,1,1978,5.307253592,273418.0493
1486,2266,2,1,1,1993,7.291955849,195837.9532
1487,4757,2,3,2,1984,9.296103098,348553.8432
1488,2766,4,2,0,1990,4.360407036,171393.6297
1489,1175,2,1,0,2008,9.119100144,402753.4431
1490,1062,1,3,1,2000,9.257105997,119046.091
1491,4188,4,2,0,1976,9.375962536,483652.3732
1492,4195,1,3,2,2006,3.434015669,128750.1015
1493,2744,3,2,2,1989,4.603200348,331779.3677
1494,2693,4,2,1,1998,8.833563174,460877.716
1495,4434,3,3,1,2013,4.232456419,104761.7875
1496,2452,2,3,1,2014,6.402277296,299405.7844
1497,4941,2,2,0,1990,2.062490565,240002.7857
1498,4692,5,2,2,1978,1.506474893,332132.8761
1499,1399,2,2,2,2021,4.707945905,190182.9547
1500,2712,3,1,2,1994,6.210248793,125959.6869
